feature,importance
lag_7,0.33250067787174853
rolling_14,0.2872317302034998
rolling_7,0.1683748953607139
lag_1,0.10009009811846485
weekday,0.04552225955465047
item,0.014954846544768278
day,0.011353197846959895
staff_count,0.011346937265961945
notes,0.009633850115807113
store,0.007081814583579619
weather,0.005613574029106893
month,0.0035744975438498747
promo_flag,0.0027216209608887966
